{
	"id": "2984NYF104RYQ3UFHQ87",
	"modelName": "userDetail",
	"tableName": "USER_DETAIL",
	"dbName": "PG",
	"historyRequired": true,
	"fields": [
		{
			"title": "userName",
			"columnName": "USER_NAME",
			"primaryKey": true,
			"type": "text",
			"enabled": true,
			"config": {
				"searchable": true,
				"textSearchable": false,
				"editable": false,
				"readable": true,
				"sortable": true,
				"trimRequired": false
			}
		},
		{
			"title": "address",
			"columnName": "ADDRESS",
			"primaryKey": false,
			"type": "text",
			"enabled": true,
			"config": {
				"searchable": true,
				"textSearchable": false,
				"editable": true,
				"readable": true,
				"sortable": false,
				"trimRequired": true
			}
		},
		{
			"title": "mobileNo",
			"columnName": "MOBILE_NO",
			"primaryKey": false,
			"type": "number",
			"enabled": true,
			"config": {
				"searchable": true,
				"textSearchable": false,
				"editable": true,
				"readable": true,
				"sortable": false,
				"trimRequired": true
			}
		}
	]
}